{
  "accuracy": [
    0.571467399597168,
    0.702038049697876,
    0.748913049697876,
    0.7729619741439819,
    0.797146737575531,
    0.8092391490936279,
    0.8142663240432739,
    0.8260869383811951,
    0.8322010636329651,
    0.835869550704956,
    0.8419836759567261,
    0.8480978012084961,
    0.842391312122345,
    0.8425271511077881,
    0.852173924446106,
    0.858288049697876,
    0.8547554612159729,
    0.8626358509063721,
    0.859918475151062,
    0.860461950302124,
    0.862500011920929,
    0.8600543737411499,
    0.866032600402832,
    0.8726902008056641,
    0.862228274345398
  ],
  "loss": [
    1.1110849380493164,
    0.7766690850257874,
    0.6653497815132141,
    0.610168993473053,
    0.5506154298782349,
    0.5115067362785339,
    0.492156982421875,
    0.46202757954597473,
    0.4536797106266022,
    0.44189831614494324,
    0.4377050995826721,
    0.4278223514556885,
    0.42557114362716675,
    0.424717515707016,
    0.4104424715042114,
    0.38029545545578003,
    0.4011770784854889,
    0.38102486729621887,
    0.38796818256378174,
    0.3830625116825104,
    0.3779359757900238,
    0.36859315633773804,
    0.37941890954971313,
    0.36502698063850403,
    0.3689819276332855
  ],
  "val_accuracy": [
    0.731521725654602,
    0.771195650100708,
    0.8048912882804871,
    0.813586950302124,
    0.8271738886833191,
    0.8402174115180969,
    0.833152174949646,
    0.8472825884819031,
    0.8483695387840271,
    0.8500000238418579,
    0.851630449295044,
    0.8603261113166809,
    0.85597825050354,
    0.852173924446106,
    0.8592391014099121,
    0.8619565367698669,
    0.865217387676239,
    0.8695651888847351,
    0.8614130616188049,
    0.8570652008056641,
    0.865760862827301,
    0.864673912525177,
    0.863586962223053,
    0.865760862827301,
    0.864673912525177
  ],
  "val_loss": [
    0.6647595763206482,
    0.5605350136756897,
    0.49701863527297974,
    0.4631766378879547,
    0.45152372121810913,
    0.4173971116542816,
    0.43314889073371887,
    0.40465909242630005,
    0.4037741422653198,
    0.39438122510910034,
    0.3830937147140503,
    0.37354522943496704,
    0.37236467003822327,
    0.39078259468078613,
    0.37709981203079224,
    0.3605305552482605,
    0.3557800054550171,
    0.35015320777893066,
    0.35073623061180115,
    0.3688790500164032,
    0.35172876715660095,
    0.35089293122291565,
    0.35342076420783997,
    0.3552005887031555,
    0.35387182235717773
  ],
  "learning_rate": [
    9.999999747378752e-05,
    9.999999747378752e-05,
    9.999999747378752e-05,
    9.999999747378752e-05,
    9.999999747378752e-05,
    9.999999747378752e-05,
    9.999999747378752e-05,
    9.999999747378752e-05,
    9.999999747378752e-05,
    9.999999747378752e-05,
    9.999999747378752e-05,
    9.999999747378752e-05,
    9.999999747378752e-05,
    9.999999747378752e-05,
    9.999999747378752e-05,
    9.999999747378752e-05,
    9.999999747378752e-05,
    9.999999747378752e-05,
    9.999999747378752e-05,
    9.999999747378752e-05,
    9.999999747378752e-06,
    9.999999747378752e-06,
    9.999999747378752e-06,
    4.999999873689376e-06,
    4.999999873689376e-06
  ]
}