{
  "accuracy": [
    0.5486413240432739,
    0.6773098111152649,
    0.713722825050354,
    0.7495923638343811,
    0.7644021511077881,
    0.773369550704956,
    0.774864137172699,
    0.7951086759567261,
    0.8062499761581421,
    0.8076087236404419,
    0.813315212726593,
    0.8207880258560181,
    0.827853262424469,
    0.8182065486907959,
    0.8296195864677429,
    0.8383151888847351,
    0.832336962223053,
    0.833423912525177,
    0.840081512928009,
    0.84035325050354,
    0.8475543260574341,
    0.8455163240432739,
    0.8478260636329651,
    0.8463315367698669,
    0.847418487071991
  ],
  "loss": [
    1.2993929386138916,
    1.034850835800171,
    0.966214656829834,
    0.8990101218223572,
    0.868070662021637,
    0.8453020453453064,
    0.8313952088356018,
    0.815030038356781,
    0.7834893465042114,
    0.7785247564315796,
    0.7622772455215454,
    0.7472254633903503,
    0.7430243492126465,
    0.7392947673797607,
    0.7273023724555969,
    0.7131615877151489,
    0.7207412123680115,
    0.7105772495269775,
    0.7005720138549805,
    0.6948474645614624,
    0.6884757280349731,
    0.6921382546424866,
    0.6890271306037903,
    0.6887792944908142,
    0.6838817596435547
  ],
  "val_accuracy": [
    0.73097825050354,
    0.79347825050354,
    0.824999988079071,
    0.824456512928009,
    0.8298913240432739,
    0.8374999761581421,
    0.844021737575531,
    0.845108687877655,
    0.845652163028717,
    0.851630449295044,
    0.8505434989929199,
    0.855434775352478,
    0.854347825050354,
    0.854347825050354,
    0.853804349899292,
    0.852173924446106,
    0.856521725654602,
    0.8614130616188049,
    0.8614130616188049,
    0.864130437374115,
    0.8576086759567261,
    0.8576086759567261,
    0.8592391014099121,
    0.8581521511077881,
    0.8586956262588501
  ],
  "val_loss": [
    0.8380613327026367,
    0.752726137638092,
    0.7163589596748352,
    0.7068158984184265,
    0.697059154510498,
    0.6882742643356323,
    0.6757255792617798,
    0.6826266646385193,
    0.668426513671875,
    0.6580406427383423,
    0.6611807346343994,
    0.6541282534599304,
    0.652119517326355,
    0.6590430736541748,
    0.6471320986747742,
    0.6575616002082825,
    0.6513931751251221,
    0.6394234299659729,
    0.636104941368103,
    0.6325515508651733,
    0.6378797292709351,
    0.6379002332687378,
    0.634680986404419,
    0.6361985802650452,
    0.6341099739074707
  ],
  "learning_rate": [
    9.999999747378752e-05,
    9.999999747378752e-05,
    9.999999747378752e-05,
    9.999999747378752e-05,
    9.999999747378752e-05,
    9.999999747378752e-05,
    9.999999747378752e-05,
    9.999999747378752e-05,
    9.999999747378752e-05,
    9.999999747378752e-05,
    9.999999747378752e-05,
    9.999999747378752e-05,
    9.999999747378752e-05,
    9.999999747378752e-05,
    9.999999747378752e-05,
    9.999999747378752e-05,
    9.999999747378752e-05,
    9.999999747378752e-05,
    9.999999747378752e-05,
    9.999999747378752e-05,
    9.999999747378752e-06,
    9.999999747378752e-06,
    9.999999747378752e-06,
    4.999999873689376e-06,
    4.999999873689376e-06
  ]
}