{
  "accuracy": [
    0.6834239363670349,
    0.8097826242446899,
    0.8372282385826111,
    0.855434775352478,
    0.8711956739425659,
    0.8751358985900879,
    0.8838315010070801,
    0.887499988079071,
    0.8938858509063721,
    0.8955162763595581,
    0.8979619741439819,
    0.8932065367698669,
    0.899048924446106,
    0.900679349899292,
    0.907336950302124,
    0.9072011113166809,
    0.907880425453186,
    0.9135869741439819,
    0.90625,
    0.912092387676239,
    0.9095108509063721,
    0.9142662882804871,
    0.9095108509063721,
    0.914945662021637,
    0.913451075553894,
    0.911548912525177,
    0.9130434989929199,
    0.915217399597168,
    0.914402186870575,
    0.9161684513092041
  ],
  "loss": [
    0.7991210222244263,
    0.522607684135437,
    0.4493967890739441,
    0.3995738923549652,
    0.3627530634403229,
    0.34653201699256897,
    0.3251747190952301,
    0.31297048926353455,
    0.3014165163040161,
    0.2984964847564697,
    0.28357139229774475,
    0.2829628586769104,
    0.27250513434410095,
    0.2709963023662567,
    0.25960493087768555,
    0.25400587916374207,
    0.2564985156059265,
    0.24624104797840118,
    0.25298210978507996,
    0.2469824254512787,
    0.24599871039390564,
    0.24352025985717773,
    0.24991969764232635,
    0.23698557913303375,
    0.24141709506511688,
    0.23935100436210632,
    0.24273434281349182,
    0.23974935710430145,
    0.24229329824447632,
    0.23281165957450867
  ],
  "val_accuracy": [
    0.8157608509063721,
    0.851630449295044,
    0.8673912882804871,
    0.8777173757553101,
    0.8809782862663269,
    0.8907608985900879,
    0.893478274345398,
    0.8923913240432739,
    0.894565224647522,
    0.9021739363670349,
    0.9027174115180969,
    0.9097825884819031,
    0.9027174115180969,
    0.9092391133308411,
    0.908695638179779,
    0.9092391133308411,
    0.9119565486907959,
    0.91576087474823,
    0.9114130139350891,
    0.914130449295044,
    0.917391300201416,
    0.914130449295044,
    0.9119565486907959,
    0.91847825050354,
    0.914130449295044,
    0.914130449295044,
    0.91576087474823,
    0.917934775352478,
    0.916847825050354,
    0.917934775352478
  ],
  "val_loss": [
    0.5475614070892334,
    0.4369787573814392,
    0.3906554877758026,
    0.35245847702026367,
    0.3370038568973541,
    0.3150145709514618,
    0.2992168068885803,
    0.2924313545227051,
    0.28103411197662354,
    0.262092649936676,
    0.2652789056301117,
    0.246914342045784,
    0.2539997398853302,
    0.2481401562690735,
    0.25322654843330383,
    0.24101082980632782,
    0.23602409660816193,
    0.23707754909992218,
    0.24418094754219055,
    0.239374577999115,
    0.2309073507785797,
    0.23093684017658234,
    0.23591986298561096,
    0.2292514592409134,
    0.23181553184986115,
    0.23116517066955566,
    0.2270554155111313,
    0.22596533596515656,
    0.2262386530637741,
    0.22722254693508148
  ],
  "learning_rate": [
    9.999999747378752e-05,
    9.999999747378752e-05,
    9.999999747378752e-05,
    9.999999747378752e-05,
    9.999999747378752e-05,
    9.999999747378752e-05,
    9.999999747378752e-05,
    9.999999747378752e-05,
    9.999999747378752e-05,
    9.999999747378752e-05,
    9.999999747378752e-05,
    9.999999747378752e-05,
    9.999999747378752e-05,
    9.999999747378752e-05,
    9.999999747378752e-05,
    4.999999873689376e-05,
    4.999999873689376e-05,
    4.999999873689376e-05,
    4.999999873689376e-05,
    4.999999873689376e-05,
    2.499999936844688e-05,
    2.499999936844688e-05,
    2.499999936844688e-05,
    2.499999936844688e-05,
    2.499999936844688e-05,
    2.499999936844688e-05,
    2.499999936844688e-05,
    2.499999936844688e-05,
    2.499999936844688e-05,
    2.499999936844688e-05
  ]
}