{
  "accuracy": [
    0.565625011920929,
    0.685869574546814,
    0.717663049697876,
    0.746331512928009,
    0.764538049697876,
    0.7736412882804871,
    0.78464674949646,
    0.796059787273407,
    0.7986413240432739,
    0.8017662763595581,
    0.810326099395752,
    0.821739137172699,
    0.822282612323761,
    0.826494574546814,
    0.82472825050354,
    0.831250011920929,
    0.833152174949646,
    0.8396739363670349,
    0.8374999761581421,
    0.8410326242446899,
    0.8460597991943359,
    0.847690224647522,
    0.846603274345398,
    0.8500000238418579,
    0.848505437374115,
    0.841304361820221,
    0.842934787273407,
    0.847418487071991,
    0.8480978012084961,
    0.8444293737411499,
    0.8444293737411499,
    0.8441576361656189,
    0.844565212726593,
    0.8528532385826111,
    0.8480978012084961
  ],
  "loss": [
    1.2518857717514038,
    0.9964780211448669,
    0.9464198350906372,
    0.896918535232544,
    0.8670223355293274,
    0.8361865282058716,
    0.8160800337791443,
    0.7970360517501831,
    0.7797117829322815,
    0.7751551270484924,
    0.7607535123825073,
    0.7467474937438965,
    0.738417387008667,
    0.7346698045730591,
    0.736371636390686,
    0.719543993473053,
    0.7158894538879395,
    0.7031028866767883,
    0.6990346312522888,
    0.701015293598175,
    0.6969082355499268,
    0.69671630859375,
    0.695593535900116,
    0.6843996644020081,
    0.6853463649749756,
    0.6903809905052185,
    0.6930407881736755,
    0.687070906162262,
    0.6902462244033813,
    0.6898993849754333,
    0.692680835723877,
    0.6901416182518005,
    0.6900989413261414,
    0.6850982904434204,
    0.6886677145957947
  ],
  "val_accuracy": [
    0.7472826242446899,
    0.791304349899292,
    0.802717387676239,
    0.814130425453186,
    0.8277173638343811,
    0.824999988079071,
    0.832608699798584,
    0.8380434513092041,
    0.841847836971283,
    0.832608699798584,
    0.8380434513092041,
    0.8478260636329651,
    0.8472825884819031,
    0.8494565486907959,
    0.8489130139350891,
    0.852717399597168,
    0.854347825050354,
    0.856521725654602,
    0.85326087474823,
    0.854891300201416,
    0.856521725654602,
    0.8581521511077881,
    0.8570652008056641,
    0.855434775352478,
    0.854891300201416,
    0.8581521511077881,
    0.8576086759567261,
    0.85597825050354,
    0.8576086759567261,
    0.8576086759567261,
    0.8576086759567261,
    0.8576086759567261,
    0.8581521511077881,
    0.8576086759567261,
    0.8586956262588501
  ],
  "val_loss": [
    0.8362684845924377,
    0.7754082679748535,
    0.7501205205917358,
    0.7352158427238464,
    0.7063539624214172,
    0.7058217525482178,
    0.7044103741645813,
    0.6826858520507812,
    0.6780983805656433,
    0.6847224235534668,
    0.6812322735786438,
    0.6571497917175293,
    0.6587516069412231,
    0.662279486656189,
    0.6605721712112427,
    0.6551067233085632,
    0.6451259255409241,
    0.6453343033790588,
    0.6450042724609375,
    0.6515702605247498,
    0.6418684720993042,
    0.6411913633346558,
    0.6416180729866028,
    0.641601026058197,
    0.6428483128547668,
    0.6409018039703369,
    0.6414974927902222,
    0.6424872875213623,
    0.6405829787254333,
    0.641992449760437,
    0.642428994178772,
    0.6418116688728333,
    0.6405807733535767,
    0.640828013420105,
    0.6420158743858337
  ],
  "learning_rate": [
    9.999999747378752e-05,
    9.999999747378752e-05,
    9.999999747378752e-05,
    9.999999747378752e-05,
    9.999999747378752e-05,
    9.999999747378752e-05,
    9.999999747378752e-05,
    9.999999747378752e-05,
    9.999999747378752e-05,
    9.999999747378752e-05,
    9.999999747378752e-05,
    9.999999747378752e-05,
    9.999999747378752e-05,
    9.999999747378752e-05,
    9.999999747378752e-05,
    4.999999873689376e-05,
    4.999999873689376e-05,
    4.999999873689376e-05,
    4.999999873689376e-05,
    4.999999873689376e-05,
    9.999999747378752e-06,
    9.999999747378752e-06,
    9.999999747378752e-06,
    9.999999747378752e-06,
    9.999999747378752e-06,
    4.999999873689376e-06,
    4.999999873689376e-06,
    4.999999873689376e-06,
    4.999999873689376e-06,
    4.999999873689376e-06,
    4.999999873689376e-06,
    4.999999873689376e-06,
    2.499999936844688e-06,
    2.499999936844688e-06,
    2.499999936844688e-06
  ]
}