{
  "accuracy": [
    0.6153532862663269,
    0.7800271511077881,
    0.8095108866691589,
    0.836005449295044,
    0.850407600402832,
    0.8645380139350891,
    0.8645380139350891,
    0.8679347634315491,
    0.878668487071991,
    0.8860054612159729,
    0.888994574546814,
    0.891711950302124,
    0.8880434632301331,
    0.8936141133308411,
    0.888451099395752,
    0.894836962223053,
    0.8936141133308411,
    0.8936141133308411,
    0.8949728012084961,
    0.899048924446106,
    0.9005434513092041,
    0.8968750238418579,
    0.8997282385826111,
    0.897554337978363,
    0.8979619741439819
  ],
  "loss": [
    1.0414681434631348,
    0.7854529619216919,
    0.7281171679496765,
    0.6880287528038025,
    0.6715885996818542,
    0.6577968597412109,
    0.6396836042404175,
    0.6353424787521362,
    0.6278018355369568,
    0.619720995426178,
    0.6074494123458862,
    0.6036980748176575,
    0.6064289808273315,
    0.5989399552345276,
    0.6037267446517944,
    0.5987789034843445,
    0.5999037623405457,
    0.5986611843109131,
    0.5928839445114136,
    0.5905690789222717,
    0.5835407972335815,
    0.5914334654808044,
    0.5892725586891174,
    0.586030900478363,
    0.5868457555770874
  ],
  "val_accuracy": [
    0.790217399597168,
    0.8380434513092041,
    0.8570652008056641,
    0.862500011920929,
    0.8711956739425659,
    0.8782608509063721,
    0.886413037776947,
    0.8820652365684509,
    0.8809782862663269,
    0.8907608985900879,
    0.8907608985900879,
    0.898369550704956,
    0.897826075553894,
    0.904347836971283,
    0.898369550704956,
    0.904347836971283,
    0.9027174115180969,
    0.905978262424469,
    0.9016304612159729,
    0.907065212726593,
    0.903804361820221,
    0.908152163028717,
    0.905434787273407,
    0.905434787273407,
    0.905434787273407
  ],
  "val_loss": [
    0.7918744087219238,
    0.7107836604118347,
    0.6696613430976868,
    0.647886335849762,
    0.6357701420783997,
    0.6183927655220032,
    0.6010975241661072,
    0.6022017002105713,
    0.5983657836914062,
    0.5905223488807678,
    0.5900980234146118,
    0.5804954171180725,
    0.5764314532279968,
    0.5789260268211365,
    0.5757830142974854,
    0.5691298842430115,
    0.5721752643585205,
    0.5662481188774109,
    0.5708657503128052,
    0.5674230456352234,
    0.5672100782394409,
    0.5689753890037537,
    0.5674601197242737,
    0.5688122510910034,
    0.5679973363876343
  ],
  "learning_rate": [
    9.999999747378752e-05,
    9.999999747378752e-05,
    9.999999747378752e-05,
    9.999999747378752e-05,
    9.999999747378752e-05,
    9.999999747378752e-05,
    9.999999747378752e-05,
    9.999999747378752e-05,
    9.999999747378752e-05,
    9.999999747378752e-05,
    9.999999747378752e-05,
    9.999999747378752e-05,
    9.999999747378752e-05,
    9.999999747378752e-05,
    9.999999747378752e-05,
    9.999999747378752e-05,
    9.999999747378752e-05,
    9.999999747378752e-05,
    9.999999747378752e-05,
    9.999999747378752e-05,
    9.999999747378752e-06,
    9.999999747378752e-06,
    9.999999747378752e-06,
    4.999999873689376e-06,
    4.999999873689376e-06
  ]
}