{
  "accuracy": [
    0.627853274345398,
    0.772554337978363,
    0.8157608509063721,
    0.8343750238418579,
    0.852989137172699,
    0.8608695864677429,
    0.865760862827301,
    0.8695651888847351,
    0.8767663240432739,
    0.8832880258560181,
    0.8854619860649109,
    0.8902173638343811,
    0.8910326361656189,
    0.892798900604248,
    0.8894021511077881,
    0.894836962223053,
    0.8947010636329651,
    0.894565224647522,
    0.8929347991943359,
    0.9021739363670349,
    0.897554337978363,
    0.8952445387840271,
    0.8971467614173889,
    0.899864137172699,
    0.9066576361656189
  ],
  "loss": [
    0.9058345556259155,
    0.6081627011299133,
    0.5034137964248657,
    0.4547169804573059,
    0.4092077314853668,
    0.39421188831329346,
    0.37603065371513367,
    0.35302218794822693,
    0.34329816699028015,
    0.3338313102722168,
    0.3228079080581665,
    0.3119180202484131,
    0.30899718403816223,
    0.2956559956073761,
    0.2998863756656647,
    0.296787291765213,
    0.2861892580986023,
    0.2880267798900604,
    0.2936857044696808,
    0.27086716890335083,
    0.27659958600997925,
    0.28035324811935425,
    0.28259769082069397,
    0.27989041805267334,
    0.26649072766304016
  ],
  "val_accuracy": [
    0.769565224647522,
    0.8255434632301331,
    0.8407608866691589,
    0.853804349899292,
    0.863586962223053,
    0.8684782385826111,
    0.8793478012084961,
    0.8782608509063721,
    0.883695662021637,
    0.886413037776947,
    0.8913043737411499,
    0.8923913240432739,
    0.89402174949646,
    0.897282600402832,
    0.8913043737411499,
    0.895652174949646,
    0.9027174115180969,
    0.9021739363670349,
    0.8994565010070801,
    0.9092391133308411,
    0.9027174115180969,
    0.9016304612159729,
    0.9021739363670349,
    0.9027174115180969,
    0.903804361820221
  ],
  "val_loss": [
    0.6312757134437561,
    0.4965565502643585,
    0.4448232352733612,
    0.4020812511444092,
    0.38403764367103577,
    0.3545266091823578,
    0.33305275440216064,
    0.3222590684890747,
    0.3168051242828369,
    0.30068710446357727,
    0.29164883494377136,
    0.28480640053749084,
    0.28409522771835327,
    0.27078866958618164,
    0.27232685685157776,
    0.2714287042617798,
    0.26003965735435486,
    0.25575482845306396,
    0.2569355368614197,
    0.2570417523384094,
    0.25811266899108887,
    0.2581968903541565,
    0.2577853798866272,
    0.25667598843574524,
    0.25676974654197693
  ],
  "learning_rate": [
    9.999999747378752e-05,
    9.999999747378752e-05,
    9.999999747378752e-05,
    9.999999747378752e-05,
    9.999999747378752e-05,
    9.999999747378752e-05,
    9.999999747378752e-05,
    9.999999747378752e-05,
    9.999999747378752e-05,
    9.999999747378752e-05,
    9.999999747378752e-05,
    9.999999747378752e-05,
    9.999999747378752e-05,
    9.999999747378752e-05,
    9.999999747378752e-05,
    9.999999747378752e-05,
    9.999999747378752e-05,
    9.999999747378752e-05,
    9.999999747378752e-05,
    9.999999747378752e-05,
    9.999999747378752e-06,
    9.999999747378752e-06,
    9.999999747378752e-06,
    4.999999873689376e-06,
    4.999999873689376e-06
  ]
}